<?xml version="1.0" encoding="UTF-8"?>
<beans xmlns="http://www.springframework.org/schema/beans"
    xmlns:p="http://www.springframework.org/schema/p"
    xmlns:context="http://www.springframework.org/schema/context"
    xmlns:tx="http://www.springframework.org/schema/tx"
    xmlns:xsi="http://www.w3.org/2001/XMLSchema-instance"
    xsi:schemaLocation="
        http://www.springframework.org/schema/beans
        http://www.springframework.org/schema/beans/spring-beans-3.0.xsd
        http://www.springframework.org/schema/context
        http://www.springframework.org/schema/context/spring-context-3.0.xsd
        http://www.springframework.org/schema/tx
        http://www.springframework.org/schema/tx/spring-tx.xsd
        ">
     
    <!-- Scans the classpath for annotated components that will be auto-registered as Spring beans -->
    <context:component-scan base-package="com.musichub_v2" />
    <!-- Activates various annotations to be detected in bean classes e.g: @Autowired -->
    <context:annotation-config />
 
    <bean id="dataSource" class="org.apache.commons.dbcp.BasicDataSource">
        <property name="driverClassName" value="org.h2.Driver" />
        <property name="url" value="jdbc:h2:tcp://localhost/~/productDb" />
        <property name="username" value="sa" />
        <property name="password" value="" />
    </bean>
     
    <bean id="entityManagerFactory"
            class="org.springframework.orm.jpa.LocalContainerEntityManagerFactoryBean"
            p:packagesToScan="com.musichub_v2.model"
            p:dataSource-ref="dataSource"
            >
        <property name="jpaVendorAdapter">
            <bean class="org.springframework.orm.jpa.vendor.HibernateJpaVendorAdapter">
                <property name="generateDdl" value="true" />
                <property name="showSql" value="true" />
            </bean>
        </property>
    </bean>
 
    <!-- Transactions -->
    <bean id="transactionManager" class="org.springframework.orm.jpa.JpaTransactionManager">
        <property name="entityManagerFactory" ref="entityManagerFactory" />
    </bean>
    <!-- enable the configuration of transactional behavior based on annotations -->
    <tx:annotation-driven transaction-manager="transactionManager" />
 
</beans>