[{"name":"Trumphet","id":"P100","url":"http://localhost:8080/musichub/allproducts.jsp?fileurl=resources%2Fimages%2F1.jpg&productname=Trumphet&productid=P100","image":"resources/images/1.jpg"},{"name":"Trumphet Brass","id":"P101","url":"http://localhost:8080/musichub/allproducts.jsp?fileurl=resources%2Fimages%2F1t.jpg&productname=Trumphet+Brass&productid=P101","image":"resources/images/1t.jpg"},{"name":"Trumphet 567ss","id":"P102","url":"http://localhost:8080/musichub/allproducts.jsp?fileurl=resources%2Fimages%2F2t.jpg&productname=Trumphet+567ss&productid=P102","image":"resources/images/2t.jpg"},{"name":"Trumphet alcordas 340","id":"P103","url":"http://localhost:8080/musichub/allproducts.jsp?fileurl=resources%2Fimages%2F3t.jpg&productname=Trumphet+alcordas+340&productid=P103","image":"resources/images/3t.jpg"},{"name":"Trumphet stlyus","id":"P104","url":"http://localhost:8080/musichub/allproducts.jsp?fileurl=resources%2Fimages%2F4t.JPG&productname=Trumphet+stlyus&productid=P104","image":"resources/images/4t.JPG"},{"name":"Trumphet 456","id":"P105","url":"http://localhost:8080/musichub/allproducts.jsp?fileurl=resources%2Fimages%2F5t.jpg&productname=Trumphet+456&productid=P105","image":"resources/images/5t.jpg"},{"name":"Sitar","id":"P106","url":"http://localhost:8080/musichub/allproducts.jsp?fileurl=resources%2Fimages%2F2.jpg&productname=Sitar&productid=P106","image":"resources/images/2.jpg"},{"name":"yamaha 560s sitar","id":"P106","url":"http://localhost:8080/musichub/allproducts.jsp?fileurl=resources%2Fimages%2F2s.jpg&productname=yamaha+560s+sitar&productid=P107","image":"resources/images/2s.jpg"},{"name":"imported 56gh7 sitar","id":"P106","url":"http://localhost:8080/musichub/allproducts.jsp?fileurl=resources%2Fimages%2F3s.JPG&productname=yamaha+560s+sitar&productid=P108","image":"resources/images/3s.JPG"}]